src_lang,tgt_lang,n_src_groups,n_tgt_groups,n_same_as_links,cross_lingual_mass,same_as_mass,bridge_ratio,baseline_mass,lift_over_baseline
en,hi,1161,1213,926,0.159864,0.122874,0.7686,0.155047,1.0311
en,bn,1161,1218,926,0.159265,0.122229,0.7675,0.15472,1.0294
hi,en,1213,1161,926,0.156611,0.122376,0.7814,0.151707,1.0323
hi,bn,1213,1218,926,0.15952,0.119647,0.75,0.15472,1.031
bn,en,1218,1161,926,0.156328,0.122326,0.7825,0.151707,1.0305
bn,hi,1218,1213,926,0.159995,0.119998,0.75,0.155047,1.0319
